id,first_name,last_name,email,gender,ip_address,
1,Donielle,lukovic,dlukovic0@digg.com,Genderfluid,141.129.79.79,
2,Alasdair,pittford,apittford1@stumbleupon.com,Genderqueer,44.121.36.169,
3,Darius,avesque,davesque2@weather.com,Male,203.32.67.163,
4,Marketa,downing,mdowning3@histats.com,Polygender,109.153.190.105,
5,Cristiano,farfull,cfarfull4@cbsnews.com,Female,147.13.80.113,
6,Shaylah,langan,slangan5@cyberchimps.com,Non-binary,204.211.19.60,
7,Kessiah,mariault,kmariault6@un.org,Genderfluid,146.231.18.81,
8,Libbie,atwel,latwel7@163.com,Bigender,2.200.89.84,
9,Connor,lowdiane,clowdiane8@oaic.gov.au,Agender,11.155.118.42,
10,Emmett,pask,epask9@opera.com,Polygender,173.101.136.238,
11,Estel,utridge,eutridgea@com.com,Polygender,122.117.187.109,
12,Pammy,bygrove,pbygroveb@live.com,Polygender,179.95.10.66,
13,Clarine,badby,cbadbyc@comsenz.com,Non-binary,124.113.219.140,
14,Fedora,postle,fpostled@jugem.jp,Male,229.19.5.29,
15,Cordy,rickword,crickworde@sciencedaily.com,Agender,134.28.10.125,
16,Tymon,torrecilla,ttorrecillaf@admin.ch,Male,67.77.23.236,
17,Lelah,langdale,llangdaleg@macromedia.com,Genderfluid,196.205.66.234,
18,Ly,freen,lfreenh@histats.com,Bigender,216.40.201.38,
19,Kori,naul,knauli@imageshack.us,Agender,0.7.195.88,
20,Eadie,mathivon,emathivonj@seesaa.net,Female,33.56.196.53,
21,Dionis,cleever,dcleeverk@examiner.com,Polygender,95.235.172.16,
22,Serena,barkley,sbarkleyl@cisco.com,Agender,111.109.72.93,
23,Flin,bibbie,fbibbiem@istockphoto.com,Genderqueer,180.102.169.223,
24,Christian,treneer,ctreneern@hubpages.com,Female,228.254.151.150,
25,Reg,malyj,rmalyjo@facebook.com,Polygender,221.135.131.244,
26,Cecilio,tebbs,ctebbsp@bloomberg.com,Genderfluid,189.226.235.175,
27,Theobald,ferrar,tferrarq@1und1.de,Bigender,71.82.230.239,
28,Jarib,mckinless,jmckinlessr@etsy.com,Non-binary,129.67.75.212,
29,Sissie,plumbridge,splumbridges@myspace.com,Polygender,182.75.242.232,
30,Becca,sibly,bsiblyt@ebay.com,Genderfluid,79.75.81.79,
31,Alleen,joicey,ajoiceyu@latimes.com,Non-binary,172.38.138.249,
32,Lonny,shakle,lshaklev@sun.com,Non-binary,80.131.89.43,
33,Georgetta,macalpin,gmacalpinw@nbcnews.com,Non-binary,185.92.62.255,
34,Dorotea,anlay,danlayx@businesswire.com,Polygender,109.147.238.6,
35,Oates,sergison,osergisony@creativecommons.org,Female,113.225.139.48,
36,Ajay,de mattei,adematteiz@intel.com,Non-binary,86.17.41.56,
37,Jarrod,iorizzo,jiorizzo10@columbia.edu,Genderqueer,29.103.134.217,
38,Elaine,mccroft,emccroft11@dedecms.com,Female,114.155.189.114,
39,Ramsay,saby,rsaby12@dell.com,Genderfluid,17.215.236.132,
40,Katine,mcbrier,kmcbrier13@ifeng.com,Genderqueer,138.83.55.29,
41,Alecia,statefield,astatefield14@xrea.com,Agender,216.173.132.233,
42,Wain,scawton,wscawton15@usnews.com,Agender,138.235.122.140,
43,Lyell,gyer,lgyer16@java.com,Polygender,154.46.141.26,
44,Rose,cana,rcana17@earthlink.net,Genderfluid,232.253.127.227,
45,Heather,antoniewski,hantoniewski18@umn.edu,Male,139.247.42.6,
46,Raphael,weildish,rweildish19@cornell.edu,Genderqueer,186.9.44.107,
47,Temple,favelle,tfavelle1a@miibeian.gov.cn,Male,80.178.24.106,
48,Berky,kobierski,bkobierski1b@walmart.com,Genderqueer,33.241.68.134,
49,Fancie,hyrons,fhyrons1c@upenn.edu,Agender,43.180.5.134,
50,Thomasina,brigham,tbrigham1d@purevolume.com,Bigender,56.243.15.66,
51,Nico,kimbrey,nkimbrey1e@behance.net,Genderfluid,236.82.234.44,
52,Roxi,salleir,rsalleir1f@themeforest.net,Polygender,206.175.87.64,
53,Elyssa,mckeeman,emckeeman1g@cnn.com,Genderqueer,202.79.215.10,
54,Robinet,zavattiero,rzavattiero1h@vimeo.com,Polygender,84.254.102.22,
55,Giacopo,harmond,gharmond1i@irs.gov,Polygender,224.226.68.203,
56,Kirstin,cathee,kcathee1j@yandex.ru,Agender,10.185.83.195,
57,Cami,fonteyne,cfonteyne1k@aboutads.info,Female,50.105.239.137,
58,Roderick,keppel,rkeppel1l@sphinn.com,Female,255.92.97.92,
59,Garfield,fairbrass,gfairbrass1m@weather.com,Agender,16.174.186.172,
60,Grier,lethebridge,glethebridge1n@usatoday.com,Genderqueer,122.33.188.75,
61,Jacinthe,croad,jcroad1o@sohu.com,Non-binary,34.49.190.250,
62,Daveta,beran,dberan1p@auda.org.au,Agender,236.163.49.107,
63,Charity,burniston,cburniston1q@list-manage.com,Bigender,207.71.57.219,
64,Isabelita,water,iwater1r@stanford.edu,Genderqueer,237.201.93.254,
65,Ermanno,ditter,editter1s@squarespace.com,Genderqueer,50.144.98.221,
66,Netta,effnert,neffnert1t@live.com,Genderqueer,9.55.197.212,
67,Jerrilyn,rosevear,jrosevear1u@typepad.com,Non-binary,238.162.143.112,
68,Dianemarie,polleye,dpolleye1v@umn.edu,Male,84.166.189.173,
69,Hugo,amiranda,hamiranda1w@stanford.edu,Agender,100.223.66.224,
70,Gerald,pudge,gpudge1x@google.co.jp,Male,40.99.247.91,
71,Abba,preddy,apreddy1y@telegraph.co.uk,Genderfluid,218.233.188.169,
72,Merle,mcfadden,mmcfadden1z@about.com,Bigender,29.211.22.225,
73,Bert,dulanty,bdulanty20@wsj.com,Non-binary,22.178.227.215,
74,Greggory,andell,gandell21@howstuffworks.com,Agender,90.169.255.233,
75,Waverley,epsly,wepsly22@topsy.com,Genderqueer,50.0.100.200,
76,Lindsay,iveans,liveans23@lulu.com,Genderqueer,160.145.203.105,
77,Vivyan,reightley,vreightley24@technorati.com,Agender,124.63.103.90,
78,Orton,smy,osmy25@hatena.ne.jp,Male,151.33.226.145,
79,Karia,oddboy,koddboy26@harvard.edu,Non-binary,245.112.80.143,
80,Rabbi,farry,rfarry27@dion.ne.jp,Polygender,214.60.45.15,
81,Merell,say,msay28@wikimedia.org,Non-binary,71.10.39.157,
82,Ingeborg,hub,ihub29@wisc.edu,Non-binary,241.98.9.168,
83,Terrence,mackiewicz,tmackiewicz2a@fotki.com,Genderqueer,63.229.1.7,
84,Ellie,fragino,efragino2b@imdb.com,Polygender,153.82.122.229,
85,Cherilynn,moulson,cmoulson2c@wired.com,Bigender,19.213.98.149,
86,Elena,charsley,echarsley2d@vk.com,Genderqueer,248.11.33.164,
87,Giffy,rosterne,grosterne2e@histats.com,Polygender,129.201.201.242,
88,Tessi,rintoul,trintoul2f@dmoz.org,Agender,138.50.149.93,
89,Bobbette,fears,bfears2g@unesco.org,Polygender,152.177.183.232,
90,Aida,ricci,aricci2h@edublogs.org,Female,15.173.197.51,
91,Vitia,orpwood,vorpwood2i@aboutads.info,Non-binary,105.149.217.60,
92,Tiffanie,fitzsimon,tfitzsimon2j@ed.gov,Polygender,204.208.92.127,
93,Dieter,whitemarsh,dwhitemarsh2k@youku.com,Genderfluid,152.158.51.186,
94,Malory,syversen,msyversen2l@etsy.com,Agender,91.167.241.101,
95,Eddy,leel,eleel2m@nps.gov,Non-binary,35.233.158.18,
96,Cristen,gilby,cgilby2n@yale.edu,Bigender,207.55.129.125,
97,Jeno,dunklee,jdunklee2o@cyberchimps.com,Genderfluid,84.53.99.7,
98,Bidget,bigglestone,bbigglestone2p@apple.com,Bigender,148.248.2.2,
99,Coralie,spelsbury,cspelsbury2q@cnet.com,Female,182.215.76.103,
100,Hube,stener,hstener2r@xrea.com,Polygender,123.246.97.55,
101,Augustin,habbin,ahabbin2s@fda.gov,Polygender,85.109.114.231,
102,Toiboid,leyburn,tleyburn2t@eepurl.com,Genderfluid,242.82.227.204,
103,Tobiah,jiru,tjiru2u@cyberchimps.com,Genderfluid,219.176.166.85,
104,Timmie,oxer,toxer2v@mayoclinic.com,Female,210.209.204.116,
105,Wang,onn,wonn2w@soundcloud.com,Polygender,161.139.90.169,
106,Alaine,cammacke,acammacke2x@twitpic.com,Male,231.140.83.187,
107,Ardelis,kelby,akelby2y@liveinternet.ru,Genderfluid,214.162.50.208,
108,Julianna,fossett,jfossett2z@yellowpages.com,Non-binary,212.17.174.88,
109,Goddard,bartoshevich,gbartoshevich30@about.com,Genderfluid,130.88.227.34,
110,Charmaine,hunnisett,chunnisett31@wsj.com,Genderfluid,53.36.67.139,
111,Pace,wordington,pwordington32@newsvine.com,Polygender,61.214.74.235,
112,Libbie,giaomozzo,lgiaomozzo33@ftc.gov,Genderqueer,225.3.241.51,
113,Roger,venables,rvenables34@yellowpages.com,Genderqueer,213.86.121.205,
114,Haleigh,tape,htape35@twitter.com,Genderqueer,53.17.226.18,
115,Horten,chessman,hchessman36@cyberchimps.com,Genderqueer,75.149.81.82,
116,Debora,swash,dswash37@4shared.com,Male,175.172.245.75,
117,Marcello,beecham,mbeecham38@ameblo.jp,Genderfluid,210.142.87.162,
118,Melonie,conley,mconley39@tiny.cc,Genderqueer,219.53.174.46,
119,Shane,scinelli,sscinelli3a@multiply.com,Agender,192.158.76.98,
120,Kanya,lukock,klukock3b@wix.com,Agender,122.122.224.198,
121,Gib,bellchamber,gbellchamber3c@google.fr,Bigender,243.235.171.184,
122,Kevan,alvaro,kalvaro3d@nsw.gov.au,Polygender,176.158.234.213,
123,Tedd,jeacock,tjeacock3e@japanpost.jp,Bigender,216.103.250.42,
124,Keith,weakley,kweakley3f@google.ru,Male,152.18.145.197,
125,Romain,andriss,randriss3g@cafepress.com,Genderfluid,157.115.52.177,
126,Quintilla,brellin,qbrellin3h@umich.edu,Non-binary,140.68.226.90,
127,Dorolisa,akker,dakker3i@so-net.ne.jp,Male,195.15.84.129,
128,Zulema,di francecshi,zdifrancecshi3j@example.com,Male,40.71.227.148,
129,Leona,mallinson,lmallinson3k@clickbank.net,Polygender,38.109.51.222,
130,Kakalina,kubat,kkubat3l@scientificamerican.com,Bigender,48.255.80.118,
131,Missy,cormode,mcormode3m@discovery.com,Genderfluid,149.21.160.139,
132,Arleta,kahn,akahn3n@adobe.com,Male,114.51.5.230,
133,Stavros,sans,ssans3o@artisteer.com,Genderqueer,15.50.242.125,
134,Spencer,mongenot,smongenot3p@miitbeian.gov.cn,Genderfluid,176.145.153.243,
135,Babb,dreus,bdreus3q@nytimes.com,Female,255.110.112.65,
136,Angelle,mclukie,amclukie3r@1688.com,Female,52.47.17.56,
137,Mariana,torrance,mtorrance3s@sourceforge.net,Non-binary,231.44.161.224,
138,Stanislaw,markova,smarkova3t@gmpg.org,Genderqueer,42.90.255.197,
139,Paulie,richly,prichly3u@ox.ac.uk,Non-binary,60.35.26.112,
140,Dodi,fiennes,dfiennes3v@networksolutions.com,Genderfluid,147.62.90.203,
141,Amity,martindale,amartindale3w@bandcamp.com,Polygender,177.35.140.98,
142,Mahmoud,maddison,mmaddison3x@sciencedaily.com,Male,140.53.154.158,
143,Barnie,antonelli,bantonelli3y@ox.ac.uk,Bigender,158.155.160.230,
144,Briant,thireau,bthireau3z@marketwatch.com,Genderqueer,146.87.12.156,
145,Lilias,hatter,lhatter40@pbs.org,Bigender,244.71.33.114,
146,Ada,arrandale,aarrandale41@digg.com,Female,52.190.255.72,
147,Rory,curcher,rcurcher42@wix.com,Non-binary,175.116.10.0,
148,Yehudit,frift,yfrift43@eepurl.com,Non-binary,98.219.159.194,
149,Pietrek,dionsetti,pdionsetti44@marriott.com,Polygender,5.234.127.207,
150,Bernie,eddisforth,beddisforth45@cafepress.com,Bigender,15.153.147.197,
151,Dorry,mouton,dmouton46@webs.com,Polygender,182.225.232.133,
152,Vite,puttan,vputtan47@elpais.com,Non-binary,91.11.63.156,
153,Franni,chastaing,fchastaing48@wikispaces.com,Bigender,180.179.80.230,
154,Lynn,dudin,ldudin49@yellowpages.com,Polygender,216.204.50.154,
155,Judi,quibell,jquibell4a@addthis.com,Genderfluid,93.87.34.45,
156,Mahala,flucks,mflucks4b@linkedin.com,Agender,222.61.65.5,
157,Sheri,cawdron,scawdron4c@blog.com,Polygender,19.23.140.217,
158,Ulrich,audas,uaudas4d@slideshare.net,Female,120.61.128.166,
159,Katy,grima,kgrima4e@newyorker.com,Bigender,77.86.83.4,
160,Ciel,o'skehan,coskehan4f@ihg.com,Non-binary,45.162.42.135,
161,Wesley,shearer,wshearer4g@cbc.ca,Genderqueer,90.91.36.18,
162,Rici,mcpeck,rmcpeck4h@4shared.com,Non-binary,31.40.226.29,
163,Toby,gyde,tgyde4i@google.de,Polygender,6.249.113.213,
164,Kendricks,surgener,ksurgener4j@hud.gov,Genderfluid,183.253.24.184,
165,Smith,goadbie,sgoadbie4k@naver.com,Genderqueer,124.78.173.145,
166,Sandye,disney,sdisney4l@go.com,Bigender,83.207.161.45,
167,Tannie,east,teast4m@naver.com,Polygender,64.251.206.223,
168,Petronilla,larratt,plarratt4n@illinois.edu,Genderfluid,49.195.153.244,
169,Emmeline,cadamy,ecadamy4o@g.co,Polygender,85.173.159.67,
170,Germayne,thatcham,gthatcham4p@utexas.edu,Genderfluid,189.246.70.228,
171,Yolande,elizabeth,yelizabeth4q@unc.edu,Bigender,111.181.76.180,
172,Jo,beagrie,jbeagrie4r@nhs.uk,Genderfluid,172.220.155.47,
173,Franklin,toller,ftoller4s@nba.com,Genderfluid,69.185.228.56,
174,Ambrosius,holah,aholah4t@webs.com,Polygender,48.84.189.32,
175,Zolly,dumini,zdumini4u@cornell.edu,Non-binary,236.78.63.71,
176,Lian,heatherington,lheatherington4v@walmart.com,Polygender,70.71.193.83,
177,Cyndie,blackney,cblackney4w@chicagotribune.com,Genderfluid,218.63.72.24,
178,William,pieters,wpieters4x@bluehost.com,Genderqueer,224.233.194.18,
179,Mozelle,bamber,mbamber4y@google.cn,Male,114.240.150.131,
180,Mariam,burberry,mburberry4z@myspace.com,Genderfluid,169.12.168.86,
181,Allayne,anwell,aanwell50@msn.com,Polygender,15.61.162.233,
182,Gaye,mableson,gmableson51@gov.uk,Polygender,60.67.48.7,
183,Ryley,cossey,rcossey52@sciencedaily.com,Polygender,37.215.118.44,
184,Luciana,speechly,lspeechly53@yahoo.co.jp,Genderqueer,51.74.89.143,
185,Tanhya,barrell,tbarrell54@chronoengine.com,Non-binary,218.53.235.213,
186,Homer,button,hbutton55@friendfeed.com,Male,150.181.134.147,
187,Barty,furber,bfurber56@vimeo.com,Genderqueer,247.243.240.253,
188,Tove,rouf,trouf57@xrea.com,Genderqueer,66.70.122.49,
189,Sergei,ganders,sganders58@twitter.com,Non-binary,90.199.17.59,
190,Ricki,piatek,rpiatek59@sourceforge.net,Male,32.50.53.100,
191,Gianina,iacovides,giacovides5a@spotify.com,Agender,197.116.253.234,
192,Aurel,taylot,ataylot5b@cnet.com,Genderfluid,132.45.41.112,
193,Sandra,enion,senion5c@exblog.jp,Female,126.183.134.153,
194,Dennet,anderbrugge,danderbrugge5d@goo.ne.jp,Genderqueer,6.231.134.159,
195,Heall,ascroft,hascroft5e@alibaba.com,Genderqueer,176.140.211.137,
196,Ricca,karolovsky,rkarolovsky5f@so-net.ne.jp,Agender,159.206.96.33,
197,Fanya,baudinot,fbaudinot5g@bbb.org,Genderfluid,171.241.75.251,
198,Eduard,urlin,eurlin5h@gmpg.org,Genderqueer,151.242.161.196,
199,Cassondra,deware,cdeware5i@accuweather.com,Non-binary,239.130.26.132,
200,Ivie,szymaniak,iszymaniak5j@shinystat.com,Bigender,108.156.95.59,
201,Gabi,mcreynolds,gmcreynolds5k@discovery.com,Genderfluid,98.47.205.49,
202,Morie,habbes,mhabbes5l@nyu.edu,Agender,12.222.86.173,
203,Katy,murphey,kmurphey5m@wufoo.com,Non-binary,73.233.175.15,
204,Libbi,rosini,lrosini5n@rediff.com,Genderqueer,154.2.218.215,
205,Ellen,vipan,evipan5o@go.com,Non-binary,154.76.143.214,
206,Mordecai,thulborn,mthulborn5p@springer.com,Genderfluid,221.204.234.58,
207,Ariana,dewar,adewar5q@sitemeter.com,Agender,24.125.90.137,
208,Cirstoforo,grannell,cgrannell5r@yellowbook.com,Bigender,10.32.138.215,
209,Lonni,kinane,lkinane5s@pen.io,Genderfluid,43.151.163.49,
210,Annamaria,liepina,aliepina5t@intel.com,Non-binary,220.90.193.108,
211,Juieta,daubeny,jdaubeny5u@fastcompany.com,Male,215.44.159.255,
212,Merell,matthews,mmatthews5v@google.com,Genderqueer,151.71.97.39,
213,Titus,minillo,tminillo5w@opensource.org,Genderfluid,234.173.4.185,
214,Babette,edgell,bedgell5x@cornell.edu,Non-binary,28.163.34.234,
215,Davin,willatts,dwillatts5y@tinyurl.com,Non-binary,124.192.227.151,
216,Lindsay,muddle,lmuddle5z@dion.ne.jp,Agender,233.144.46.1,
217,Eileen,feldmesser,efeldmesser60@theguardian.com,Genderfluid,181.226.221.205,
218,Nickolai,cabrera,ncabrera61@berkeley.edu,Genderfluid,153.195.76.253,
219,Daniella,cristofano,dcristofano62@deviantart.com,Genderfluid,164.116.200.72,
220,Glen,stokell,gstokell63@ning.com,Female,107.247.224.128,
221,Chane,cammack,ccammack64@wp.com,Agender,59.169.98.137,
222,Nikoletta,litterick,nlitterick65@google.ca,Agender,39.248.200.138,
223,Carson,paal,cpaal66@baidu.com,Male,4.75.81.32,
224,Annetta,bloxland,abloxland67@newyorker.com,Non-binary,87.109.123.72,
225,Standford,jandourek,sjandourek68@patch.com,Non-binary,15.244.237.185,
226,Cassondra,mccaster,cmccaster69@nature.com,Genderqueer,72.4.130.52,
227,Hollyanne,hought,hhought6a@pen.io,Agender,92.121.220.22,
228,Antonius,wallege,awallege6b@nba.com,Genderfluid,96.150.92.18,
229,Reeba,darbey,rdarbey6c@house.gov,Bigender,117.26.95.95,
230,Eula,dignum,edignum6d@irs.gov,Genderqueer,47.226.184.70,
231,Katy,sayers,ksayers6e@berkeley.edu,Female,234.188.177.179,
232,Carrol,kment,ckment6f@go.com,Male,107.119.82.76,
233,Gail,sargerson,gsargerson6g@npr.org,Agender,187.255.236.113,
234,Duane,macdonough,dmacdonough6h@netscape.com,Non-binary,152.242.89.89,
235,Barri,bodker,bbodker6i@themeforest.net,Polygender,9.214.29.66,
236,Violette,blackwell,vblackwell6j@theatlantic.com,Agender,110.253.246.131,
237,Ximenes,crebott,xcrebott6k@dropbox.com,Male,107.192.79.254,
238,Sharia,petroff,spetroff6l@msn.com,Genderfluid,141.34.211.125,
239,Ryun,rapsey,rrapsey6m@amazon.com,Agender,49.81.229.234,
240,Sandra,wretham,swretham6n@ezinearticles.com,Female,242.85.249.187,
241,Ibbie,poulden,ipoulden6o@cnn.com,Genderqueer,226.87.106.48,
242,Mira,aberdalgy,maberdalgy6p@homestead.com,Genderqueer,204.164.22.114,
243,Nicko,spradbery,nspradbery6q@vkontakte.ru,Genderfluid,240.199.254.140,
244,Lilas,gamage,lgamage6r@nhs.uk,Genderqueer,194.53.37.137,
245,Leslie,casperri,lcasperri6s@prweb.com,Agender,202.52.71.239,
246,Arleen,sorsbie,asorsbie6t@sina.com.cn,Polygender,100.88.21.131,
247,Miriam,kisbey,mkisbey6u@chron.com,Genderfluid,122.197.239.22,
248,Linet,janson,ljanson6v@drupal.org,Bigender,154.29.111.31,
249,Wiley,holdworth,wholdworth6w@dedecms.com,Male,80.250.174.56,
250,Zoe,la rosa,zlarosa6x@chron.com,Genderfluid,188.109.199.55,
251,Agnes,dmitrovic,admitrovic6y@purevolume.com,Genderqueer,236.205.121.214,
252,Marjorie,blenkhorn,mblenkhorn6z@google.ca,Polygender,60.1.144.118,
253,Bruce,murray,bmurray70@sbwire.com,Genderqueer,255.35.8.204,
254,Jeanie,edgcumbe,jedgcumbe71@dion.ne.jp,Genderfluid,148.73.179.198,
255,Vaughan,adriaens,vadriaens72@cdc.gov,Polygender,196.42.109.196,
256,Glory,barabich,gbarabich73@bizjournals.com,Non-binary,191.211.65.170,
257,Dun,carruthers,dcarruthers74@shareasale.com,Bigender,88.21.28.126,
258,Jacob,copello,jcopello75@ft.com,Bigender,167.49.229.74,
259,Johanna,bertholin,jbertholin76@mail.ru,Female,115.167.126.84,
260,Bradford,pfaff,bpfaff77@bing.com,Female,69.252.116.158,
261,Liane,leed,lleed78@angelfire.com,Bigender,48.136.43.206,
262,Meade,berrisford,mberrisford79@go.com,Male,39.52.78.148,
263,Constantino,lube,clube7a@scientificamerican.com,Genderfluid,29.118.188.191,
264,Ruttger,abrahamsson,rabrahamsson7b@sourceforge.net,Genderfluid,49.53.49.26,
265,Mic,plewman,mplewman7c@cmu.edu,Polygender,193.72.42.201,
266,Kristina,gibbett,kgibbett7d@ucla.edu,Bigender,180.255.145.116,
267,Paulo,coorington,pcoorington7e@hostgator.com,Polygender,71.251.97.93,
268,Aubrey,crang,acrang7f@springer.com,Agender,121.159.34.162,
269,Prinz,pavolini,ppavolini7g@creativecommons.org,Female,103.253.123.93,
270,Lottie,molan,lmolan7h@tumblr.com,Non-binary,246.125.12.206,
271,Britteny,arsmith,barsmith7i@bloomberg.com,Bigender,75.43.248.75,
272,Miltie,dainton,mdainton7j@exblog.jp,Genderfluid,3.36.110.47,
273,Karoly,dunican,kdunican7k@techcrunch.com,Agender,253.80.204.22,
274,Luca,wrack,lwrack7l@gravatar.com,Polygender,218.167.215.145,
275,Jacquelynn,kmietsch,jkmietsch7m@furl.net,Polygender,165.77.229.207,
276,Selma,andriesse,sandriesse7n@whitehouse.gov,Polygender,72.3.32.7,
277,Ermanno,gonzales,egonzales7o@shareasale.com,Genderfluid,218.14.140.110,
278,Clare,spry,cspry7p@cnbc.com,Genderfluid,25.178.120.88,
279,Courtnay,o'dougherty,codougherty7q@gmpg.org,Genderqueer,190.164.32.122,
280,Neddy,chorley,nchorley7r@miibeian.gov.cn,Agender,153.93.69.33,
281,Kelcey,cawdery,kcawdery7s@imageshack.us,Female,197.148.183.238,
282,Allix,halligan,ahalligan7t@ucoz.com,Non-binary,6.111.246.198,
283,Natalie,shoebrook,nshoebrook7u@intel.com,Polygender,5.182.10.178,
284,Daniel,manach,dmanach7v@free.fr,Genderqueer,111.95.194.147,
285,Peg,mctrustam,pmctrustam7w@phoca.cz,Male,61.181.202.37,
286,Bonnie,markushkin,bmarkushkin7x@marriott.com,Female,61.101.103.38,
287,Babs,milburne,bmilburne7y@xing.com,Agender,82.157.168.83,
288,Lavina,brierley,lbrierley7z@merriam-webster.com,Female,210.150.212.61,
289,Adi,tapenden,atapenden80@mlb.com,Genderfluid,205.141.206.0,
290,Tammy,tinston,ttinston81@about.com,Non-binary,51.28.183.188,
291,Calv,savin,csavin82@dagondesign.com,Female,122.208.153.51,
292,Lowe,imorts,limorts83@webnode.com,Bigender,194.226.10.96,
293,Ewen,bachs,ebachs84@reverbnation.com,Male,115.245.139.143,
294,Anna,spearett,aspearett85@uol.com.br,Non-binary,254.127.190.194,
295,Alyce,garmanson,agarmanson86@livejournal.com,Polygender,40.22.137.89,
296,Booth,bernardy,bbernardy87@dot.gov,Bigender,135.130.59.147,
297,Karry,groger,kgroger88@nytimes.com,Bigender,82.232.223.125,
298,Nissie,lessmare,nlessmare89@theatlantic.com,Female,129.119.158.164,
299,Cristionna,glavin,cglavin8a@chronoengine.com,Bigender,36.23.71.222,
300,Zea,hedworth,zhedworth8b@slideshare.net,Genderfluid,133.103.242.136,
301,Glenine,tritten,gtritten8c@senate.gov,Female,99.248.32.217,
302,Aldwin,sange,asange8d@comsenz.com,Polygender,222.172.179.35,
303,Ritchie,muckian,rmuckian8e@indiegogo.com,Bigender,140.246.254.9,
304,Silvana,lashley,slashley8f@accuweather.com,Genderqueer,233.79.23.179,
305,Sheba,fowlds,sfowlds8g@newsvine.com,Male,188.17.95.103,
306,Inge,segge,isegge8h@wired.com,Genderfluid,54.189.163.164,
307,Maryjane,rosina,mrosina8i@google.ru,Female,15.17.252.139,
308,Louisette,strand,lstrand8j@nymag.com,Non-binary,240.13.59.35,
309,Derwin,helin,dhelin8k@wikimedia.org,Female,135.216.190.3,
310,Lucila,tisun,ltisun8l@youku.com,Genderfluid,103.229.18.198,
311,Lauraine,urlich,lurlich8m@yandex.ru,Genderqueer,128.225.242.93,
312,Marietta,botly,mbotly8n@army.mil,Genderfluid,61.206.74.199,
313,Rufus,kobke,rkobke8o@dropbox.com,Agender,73.75.136.176,
314,Forester,mclardie,fmclardie8p@cpanel.net,Genderfluid,199.114.22.14,
315,Bonnee,skellorne,bskellorne8q@dot.gov,Polygender,125.211.196.165,
316,Zedekiah,griswaite,zgriswaite8r@ftc.gov,Agender,117.192.203.109,
317,Johnathan,callaway,jcallaway8s@uiuc.edu,Genderqueer,20.76.18.33,
318,Rem,clothier,rclothier8t@moonfruit.com,Male,207.33.162.88,
319,Cliff,mitchard,cmitchard8u@wsj.com,Non-binary,43.23.235.53,
320,Sissie,kalf,skalf8v@addthis.com,Female,42.102.164.224,
321,Berthe,macmearty,bmacmearty8w@aboutads.info,Male,115.5.187.37,
322,Kalina,maciak,kmaciak8x@imgur.com,Bigender,144.213.122.141,
323,Lauretta,spratling,lspratling8y@goodreads.com,Polygender,252.203.15.155,
324,Amitie,culvey,aculvey8z@storify.com,Bigender,211.99.172.68,
325,Demeter,tichelaar,dtichelaar90@narod.ru,Female,11.201.167.200,
326,Merlina,ollerhad,mollerhad91@sina.com.cn,Non-binary,33.61.166.139,
327,Branden,sheridan,bsheridan92@linkedin.com,Genderqueer,159.80.156.93,
328,Pru,mabon,pmabon93@theglobeandmail.com,Bigender,27.63.141.231,
329,Letizia,cranna,lcranna94@quantcast.com,Genderfluid,17.90.91.245,
330,Sallee,brakespear,sbrakespear95@umn.edu,Polygender,215.241.136.106,
331,Cynthia,riggulsford,criggulsford96@cbsnews.com,Polygender,27.189.38.50,
332,Isis,slot,islot97@yale.edu,Male,56.196.187.81,
333,Clementina,angel,cangel98@nhs.uk,Genderqueer,95.137.237.162,
334,Marsha,cumbridge,mcumbridge99@pagesperso-orange.fr,Bigender,121.217.104.184,
335,Paula,missington,pmissington9a@about.com,Genderqueer,161.248.201.135,
336,Dunc,cussen,dcussen9b@ihg.com,Male,198.147.225.58,
337,Enoch,ebourne,eebourne9c@ted.com,Agender,237.64.69.186,
338,Monroe,riches,mriches9d@g.co,Non-binary,15.180.174.121,
339,Udell,quartermain,uquartermain9e@moonfruit.com,Genderqueer,186.4.204.233,
340,Gae,arnke,garnke9f@shareasale.com,Genderfluid,146.142.181.129,
341,Delcina,howley,dhowley9g@pbs.org,Male,9.247.174.34,
342,Conn,iacivelli,ciacivelli9h@ifeng.com,Agender,51.68.230.96,
343,Immanuel,binnes,ibinnes9i@cnet.com,Bigender,1.148.242.236,
344,Rahel,tarren,rtarren9j@latimes.com,Non-binary,4.219.127.235,
345,Karee,khadir,kkhadir9k@biglobe.ne.jp,Polygender,44.207.156.63,
346,Buck,rime,brime9l@paginegialle.it,Bigender,237.244.178.137,
347,Dorie,eydel,deydel9m@example.com,Genderqueer,133.43.48.31,
348,Moshe,fripp,mfripp9n@phoca.cz,Genderfluid,2.216.114.70,
349,Rosella,greeves,rgreeves9o@cisco.com,Male,131.89.48.45,
350,Carilyn,rowswell,crowswell9p@creativecommons.org,Male,238.43.237.100,
351,Spenser,bettesworth,sbettesworth9q@simplemachines.org,Genderqueer,35.101.218.141,
352,Melisandra,humbey,mhumbey9r@parallels.com,Genderqueer,61.158.166.191,
353,Cathyleen,rosengart,crosengart9s@rediff.com,Genderqueer,44.170.141.23,
354,Sherwin,macieiczyk,smacieiczyk9t@senate.gov,Female,34.251.190.69,
355,Ezekiel,houlson,ehoulson9u@dot.gov,Genderqueer,142.92.32.100,
356,Margy,o'hickey,mohickey9v@mlb.com,Bigender,242.154.95.253,
357,Winifield,lewis,wlewis9w@weather.com,Polygender,190.204.217.149,
358,Delia,de benedetti,ddebenedetti9x@artisteer.com,Non-binary,166.111.254.227,
359,Yuma,gaymer,ygaymer9y@jugem.jp,Male,51.213.159.223,
360,Coletta,evers,cevers9z@weather.com,Genderfluid,137.138.195.172,
361,Rosette,blaksley,rblaksleya0@mac.com,Non-binary,189.157.243.108,
362,Aila,andrys,aandrysa1@marriott.com,Non-binary,69.118.127.126,
363,Augustus,garrod,agarroda2@privacy.gov.au,Genderqueer,143.237.18.74,
364,Leanor,hardcastle,lhardcastlea3@amazon.co.uk,Bigender,143.15.255.157,
365,Anita,bereford,abereforda4@friendfeed.com,Female,211.197.196.93,
366,Lynnett,climer,lclimera5@pen.io,Non-binary,225.30.227.116,
367,Moe,creavan,mcreavana6@naver.com,Polygender,56.207.196.95,
368,Fraze,rignold,frignolda7@technorati.com,Male,152.242.84.216,
369,Markos,gonzalo,mgonzaloa8@samsung.com,Polygender,126.194.115.241,
370,Bar,gilogly,bgiloglya9@marriott.com,Agender,108.210.186.71,
371,Courtnay,causier,ccausieraa@sitemeter.com,Genderfluid,235.6.48.210,
372,Annadiane,howselee,ahowseleeab@qq.com,Agender,156.147.162.249,
373,Innis,mintoff,imintoffac@youtube.com,Genderfluid,1.106.222.55,
374,Zena,bamb,zbambad@scientificamerican.com,Agender,202.68.86.30,
375,Rozella,petz,rpetzae@geocities.jp,Polygender,168.86.153.253,
376,Scott,alennikov,salennikovaf@hexun.com,Male,237.76.236.66,
377,Kippy,terbrugge,kterbruggeag@friendfeed.com,Non-binary,191.120.137.253,
378,Manya,izatt,mizattah@blinklist.com,Genderqueer,116.137.112.94,
379,Mac,greenhow,mgreenhowai@naver.com,Female,52.0.209.163,
380,Sena,lewington,slewingtonaj@linkedin.com,Non-binary,181.105.47.87,
381,Allin,jameson,ajamesonak@archive.org,Polygender,106.95.170.119,
382,Early,nevett,enevettal@wsj.com,Genderqueer,228.31.156.156,
383,Ricoriki,lockhead,rlockheadam@bloglines.com,Genderfluid,180.195.200.45,
384,Brien,kertess,bkertessan@wp.com,Bigender,185.218.189.93,
385,Freida,vallow,fvallowao@networksolutions.com,Genderqueer,169.158.88.56,
386,Giraldo,sanpher,gsanpherap@loc.gov,Genderqueer,53.241.159.74,
387,Dell,norcliff,dnorcliffaq@sohu.com,Genderfluid,84.204.245.210,
388,Aylmar,cracker,acrackerar@icq.com,Female,186.121.49.99,
389,Glennis,treanor,gtreanoras@mapy.cz,Agender,57.163.138.140,
390,Harlie,moulton,hmoultonat@networksolutions.com,Genderfluid,104.180.124.91,
391,Melantha,kubicki,mkubickiau@comsenz.com,Genderfluid,63.165.151.56,
392,Raul,helsby,rhelsbyav@reuters.com,Genderfluid,113.58.72.178,
393,Ingeberg,jagger,ijaggeraw@umich.edu,Genderqueer,86.197.83.165,
394,Ambros,bank,abankax@forbes.com,Genderfluid,114.137.248.241,
395,Madge,maccourt,mmaccourtay@facebook.com,Agender,68.20.181.217,
396,Freida,haine,fhaineaz@youtube.com,Agender,166.54.113.16,
397,Rey,baudic,rbaudicb0@github.io,Male,77.123.148.218,
398,Simon,bradick,sbradickb1@multiply.com,Polygender,254.6.73.239,
399,Nadeen,lowin,nlowinb2@buzzfeed.com,Male,246.126.182.216,
400,Pippo,rebichon,prebichonb3@pinterest.com,Polygender,129.45.74.125,
401,Lesli,breche,lbrecheb4@dropbox.com,Genderfluid,89.50.232.122,
402,Leeann,vispo,lvispob5@sitemeter.com,Genderfluid,129.33.197.199,
403,Major,andri,mandrib6@sitemeter.com,Bigender,49.46.55.226,
404,Roosevelt,antoni,rantonib7@microsoft.com,Male,255.22.66.164,
405,Fax,reichhardt,freichhardtb8@nps.gov,Male,71.135.29.46,
406,Welbie,sorey,wsoreyb9@reverbnation.com,Bigender,25.50.153.216,
407,Gustaf,alldre,galldreba@cloudflare.com,Polygender,16.102.143.166,
408,Berrie,lamberth,blamberthbb@comcast.net,Genderfluid,249.147.131.209,
409,Kora,keighly,kkeighlybc@ifeng.com,Male,221.56.22.108,
410,Brannon,fairbrother,bfairbrotherbd@google.com.au,Bigender,139.8.232.52,
411,Zsazsa,finnimore,zfinnimorebe@telegraph.co.uk,Agender,204.69.173.35,
412,Brittani,wimsett,bwimsettbf@facebook.com,Agender,4.30.222.35,
413,Livvie,pachmann,lpachmannbg@deviantart.com,Bigender,66.75.142.166,
414,Alanna,trahar,atraharbh@chronoengine.com,Female,153.105.109.51,
415,Elyssa,mc combe,emccombebi@weather.com,Female,20.94.171.79,
416,Jarvis,bartos,jbartosbj@timesonline.co.uk,Bigender,54.122.50.26,
417,Inessa,m'quhan,imquhanbk@dropbox.com,Male,108.120.198.219,
418,Briana,rassell,brassellbl@tiny.cc,Bigender,96.152.40.203,
419,Finn,checcuzzi,fcheccuzzibm@xing.com,Female,35.90.165.61,
420,Stanleigh,riteley,sriteleybn@tmall.com,Male,23.187.28.124,
421,Misti,gianiello,mgianiellobo@businessweek.com,Agender,159.211.70.184,
422,Charlena,earwaker,cearwakerbp@mayoclinic.com,Polygender,197.103.130.198,
423,Rubia,dillingham,rdillinghambq@freewebs.com,Female,19.111.11.39,
424,Cass,sturley,csturleybr@npr.org,Polygender,11.78.6.104,
425,Leilah,gumb,lgumbbs@github.io,Genderqueer,66.51.214.252,
426,Benita,firby,bfirbybt@goo.ne.jp,Female,57.133.99.133,
427,Rhetta,prott,rprottbu@spiegel.de,Non-binary,15.205.68.253,
428,Georges,carlyon,gcarlyonbv@craigslist.org,Genderfluid,100.19.195.178,
429,Norma,filkin,nfilkinbw@ihg.com,Non-binary,131.33.150.5,
430,Dyane,pomfret,dpomfretbx@phoca.cz,Non-binary,181.57.250.52,
431,Bee,risebarer,brisebarerby@geocities.jp,Genderqueer,88.214.108.24,
432,Claudetta,babe,cbabebz@ft.com,Genderqueer,78.134.153.114,
433,Myrilla,buggs,mbuggsc0@lulu.com,Genderfluid,215.67.45.42,
434,Bobine,jurisic,bjurisicc1@tamu.edu,Non-binary,162.90.174.95,
435,Cyrill,rangeley,crangeleyc2@shop-pro.jp,Genderfluid,187.49.155.58,
436,Esmeralda,fabler,efablerc3@nhs.uk,Polygender,31.216.111.235,
437,Cletus,selborne,cselbornec4@unblog.fr,Female,255.175.139.138,
438,Luce,catherine,lcatherinec5@state.gov,Non-binary,163.57.200.170,
439,Courtnay,milnthorpe,cmilnthorpec6@privacy.gov.au,Female,47.179.21.142,
440,Mercy,cousans,mcousansc7@earthlink.net,Non-binary,245.64.154.5,
441,Maurine,yarwood,myarwoodc8@rediff.com,Polygender,116.44.9.94,
442,Gale,landsbury,glandsburyc9@cocolog-nifty.com,Non-binary,41.30.238.235,
443,Syd,campbell,scampbellca@google.it,Male,14.151.128.194,
444,Yves,hiner,yhinercb@studiopress.com,Genderqueer,127.117.214.226,
445,Coriss,knipe,cknipecc@quantcast.com,Male,67.113.180.0,
446,Shannon,woodson,swoodsoncd@baidu.com,Genderqueer,225.229.82.161,
447,Alexandrina,soame,asoamece@tumblr.com,Genderqueer,126.179.14.65,
448,Jessika,fleisch,jfleischcf@delicious.com,Non-binary,56.159.154.209,
449,Nita,clyant,nclyantcg@webmd.com,Agender,215.192.249.18,
450,Wright,roja,wrojach@t-online.de,Agender,57.137.130.209,
451,Dom,mccaughey,dmccaugheyci@homestead.com,Agender,81.125.54.45,
452,Heloise,fideler,hfidelercj@illinois.edu,Male,105.109.138.73,
453,Sigismond,lodovichi,slodovichick@is.gd,Genderqueer,25.67.114.187,
454,Michaella,chooter,mchootercl@scientificamerican.com,Agender,165.110.232.131,
455,Barbra,casaccia,bcasacciacm@bandcamp.com,Agender,173.16.154.1,
456,Lion,mcjerrow,lmcjerrowcn@mac.com,Polygender,116.244.134.68,
457,Ulysses,buttfield,ubuttfieldco@bloomberg.com,Bigender,35.252.25.18,
458,Mahmud,surcombe,msurcombecp@newyorker.com,Genderfluid,95.63.120.16,
459,Janela,mincher,jminchercq@nih.gov,Genderqueer,47.194.136.30,
460,Leslie,pollitt,lpollittcr@earthlink.net,Female,125.46.100.148,
461,Clarinda,dredge,cdredgecs@bloglovin.com,Polygender,6.75.236.4,
462,Kellen,winfred,kwinfredct@dot.gov,Genderqueer,191.219.212.24,
463,Davine,laroze,dlarozecu@house.gov,Agender,244.90.194.141,
464,Clevey,sugars,csugarscv@ucoz.ru,Genderqueer,122.53.215.125,
465,Heywood,drinnan,hdrinnancw@creativecommons.org,Polygender,224.57.95.85,
466,Abbe,naper,anapercx@theguardian.com,Genderfluid,23.7.55.170,
467,Ase,dodds,adoddscy@ycombinator.com,Non-binary,193.122.221.67,
468,Dannie,jakab,djakabcz@icq.com,Bigender,205.13.176.132,
469,Augusta,ivanyutin,aivanyutind0@mediafire.com,Genderqueer,60.208.112.53,
470,Henriette,linton,hlintond1@myspace.com,Genderfluid,206.192.20.155,
471,Corri,poone,cpooned2@wiley.com,Genderqueer,80.253.29.249,
472,Stanley,attwoul,sattwould3@zimbio.com,Polygender,200.193.5.114,
473,Kiersten,bloodworthe,kbloodworthed4@virginia.edu,Genderqueer,177.204.204.165,
474,Devan,bygraves,dbygravesd5@amazon.de,Female,95.211.204.133,
475,Cammy,madgwick,cmadgwickd6@toplist.cz,Non-binary,189.241.154.124,
476,Iormina,reichhardt,ireichhardtd7@blogspot.com,Bigender,250.196.42.166,
477,Marin,rosen,mrosend8@imageshack.us,Bigender,107.44.187.121,
478,Joli,snow,jsnowd9@intel.com,Non-binary,190.72.168.35,
479,Ahmed,cristoforetti,acristoforettida@slashdot.org,Female,7.137.169.24,
480,Monah,ocheltree,mocheltreedb@ow.ly,Genderqueer,137.49.146.124,
481,Carrissa,o'mannion,comanniondc@youtu.be,Agender,18.231.167.36,
482,Daryn,spridgen,dspridgendd@plala.or.jp,Genderqueer,220.140.162.246,
483,Ashley,garrelts,agarreltsde@stumbleupon.com,Genderqueer,233.113.168.146,
484,Cynthie,dommett,cdommettdf@joomla.org,Male,172.245.204.254,
485,Grata,chaudron,gchaudrondg@seattletimes.com,Genderqueer,17.37.225.3,
486,Emmalynne,pottiphar,epottiphardh@com.com,Male,215.131.242.116,
487,Antonetta,kolin,akolindi@zdnet.com,Bigender,107.126.247.239,
488,Maris,daymond,mdaymonddj@state.tx.us,Polygender,160.34.206.219,
489,Cory,franz-schoninger,cfranzschoningerdk@amazon.co.uk,Female,229.184.146.204,
490,Delilah,jarvie,djarviedl@joomla.org,Genderfluid,76.229.199.122,
491,Ruthy,gallatly,rgallatlydm@fotki.com,Bigender,120.26.240.154,
492,Mord,tinmouth,mtinmouthdn@harvard.edu,Female,222.109.114.166,
493,Flore,debney,fdebneydo@360.cn,Genderqueer,2.91.13.35,
494,Christoffer,drummer,cdrummerdp@g.co,Female,119.39.200.55,
495,Adelind,mariner,amarinerdq@sphinn.com,Genderfluid,161.66.25.153,
496,Allie,rickword,arickworddr@360.cn,Agender,13.183.91.41,
497,Babette,bruckent,bbruckentds@about.com,Genderqueer,243.67.139.21,
498,Nelia,kobierra,nkobierradt@imdb.com,Female,186.48.65.165,
499,Dayle,garr,dgarrdu@mashable.com,Genderqueer,148.204.103.210,
500,Bobina,heimann,bheimanndv@usda.gov,Non-binary,216.63.82.54,
501,Davidde,cutford,dcutforddw@ted.com,Genderfluid,88.31.111.152,
502,Adams,colvin,acolvindx@redcross.org,Bigender,119.208.244.245,
503,Kippy,van der brugge,kvanderbruggedy@pagesperso-orange.fr,Polygender,248.217.158.15,
504,Ade,beernt,abeerntdz@imdb.com,Male,202.50.23.34,
505,Mylo,francescozzi,mfrancescozzie0@hexun.com,Bigender,189.172.228.20,
506,Miran,scott,mscotte1@networkadvertising.org,Bigender,127.56.140.23,
507,Sashenka,dungate,sdungatee2@bing.com,Male,12.143.7.127,
508,Kerrie,strainge,kstraingee3@eepurl.com,Female,125.218.139.98,
509,Karalynn,de cullip,kdecullipe4@thetimes.co.uk,Female,20.105.161.94,
510,Bank,louiset,blouisete5@booking.com,Genderqueer,211.47.48.73,
511,Prentice,thornbarrow,pthornbarrowe6@acquirethisname.com,Agender,195.129.94.69,
512,Ariel,moar,amoare7@smh.com.au,Bigender,146.211.252.173,
513,Abagael,bourrel,abourrele8@yandex.ru,Non-binary,110.81.145.221,
514,Cos,macarthur,cmacarthure9@bluehost.com,Genderqueer,6.38.208.68,
515,Antonin,jenson,ajensonea@vistaprint.com,Non-binary,253.244.145.203,
516,Jake,aggas,jaggaseb@t-online.de,Bigender,249.116.196.207,
517,Ron,gait,rgaitec@seattletimes.com,Female,47.56.151.236,
518,Iain,callen,icallened@businessinsider.com,Agender,197.153.199.144,
519,Gaby,kempston,gkempstonee@spotify.com,Agender,96.119.36.90,
520,Sabrina,lapham,slaphamef@walmart.com,Genderfluid,179.174.215.96,
521,Kassi,sammes,ksammeseg@github.io,Agender,35.20.238.98,
522,Beniamino,boyett,bboyetteh@eventbrite.com,Male,12.134.85.97,
523,Ernesta,wheelwright,ewheelwrightei@about.com,Polygender,225.213.168.13,
524,Lilli,worsell,lworsellej@icq.com,Female,250.247.103.84,
525,Sandie,perello,sperelloek@statcounter.com,Agender,46.201.228.121,
526,Kelsey,macklam,kmacklamel@google.com.br,Genderqueer,16.174.185.120,
527,Mora,gye,mgyeem@stanford.edu,Polygender,215.20.105.51,
528,Tuesday,bertson,tbertsonen@comsenz.com,Male,185.85.154.107,
529,Melany,waldren,mwaldreneo@themeforest.net,Non-binary,183.131.3.6,
530,Talya,learmont,tlearmontep@php.net,Male,27.14.217.75,
531,Ariel,lampke,alampkeeq@xing.com,Genderqueer,183.65.55.11,
532,Westley,clearley,wclearleyer@ihg.com,Male,16.135.21.92,
533,Wallis,vales,wvaleses@yellowbook.com,Female,193.49.145.224,
534,Deedee,kilty,dkiltyet@bbb.org,Genderqueer,114.100.140.125,
535,Aleece,howett,ahowetteu@earthlink.net,Male,152.82.87.4,
536,Henka,girdwood,hgirdwoodev@e-recht24.de,Agender,93.164.11.181,
537,Jocko,calver,jcalverew@vimeo.com,Genderfluid,164.240.116.168,
538,Egor,polding,epoldingex@vimeo.com,Male,227.32.249.197,
539,Gabriela,purseglove,gpursegloveey@etsy.com,Male,140.73.29.196,
540,Saxe,ashforth,sashforthez@webnode.com,Genderqueer,190.208.164.147,
541,Korie,turland,kturlandf0@hc360.com,Non-binary,32.124.77.224,
542,Christiano,widdowes,cwiddowesf1@sohu.com,Polygender,172.199.198.249,
543,Jolyn,emlin,jemlinf2@a8.net,Non-binary,29.161.26.174,
544,Killie,eiler,keilerf3@chronoengine.com,Genderqueer,119.172.96.202,
545,Hamish,butteris,hbutterisf4@hp.com,Genderfluid,218.105.115.20,
546,Melvin,mcmeekan,mmcmeekanf5@intel.com,Agender,244.114.14.242,
547,Cymbre,hayhurst,chayhurstf6@flickr.com,Female,127.184.226.247,
548,Kali,edson,kedsonf7@weibo.com,Male,43.182.95.174,
549,Sybille,craghead,scragheadf8@bluehost.com,Bigender,195.69.129.165,
550,Lyman,melson,lmelsonf9@dailymotion.com,Agender,125.22.105.72,
551,Francoise,rattery,fratteryfa@yolasite.com,Genderfluid,116.89.128.19,
552,Daryl,ciccarelli,dciccarellifb@ow.ly,Male,114.240.157.221,
553,Shannon,hancorn,shancornfc@xinhuanet.com,Male,196.196.35.65,
554,Thaine,menauteau,tmenauteaufd@craigslist.org,Non-binary,52.184.109.137,
555,Giuditta,lannon,glannonfe@prlog.org,Non-binary,18.42.235.133,
556,Jarrod,schuh,jschuhff@is.gd,Non-binary,39.56.199.81,
557,Erma,nial,enialfg@multiply.com,Agender,232.185.78.200,
558,Emory,chiechio,echiechiofh@sakura.ne.jp,Female,180.173.151.244,
559,Nichols,eard,neardfi@oracle.com,Non-binary,219.179.27.210,
560,Birk,buckham,bbuckhamfj@independent.co.uk,Non-binary,251.88.164.241,
561,Petrina,cominotti,pcominottifk@indiegogo.com,Genderfluid,240.198.29.69,
562,Gayel,twydell,gtwydellfl@sakura.ne.jp,Genderqueer,212.101.22.59,
563,Morgun,flaxon,mflaxonfm@ning.com,Polygender,26.158.26.252,
564,Daffi,mablestone,dmablestonefn@baidu.com,Female,210.74.178.183,
565,Goober,dutch,gdutchfo@microsoft.com,Genderfluid,177.185.226.86,
566,Julie,murname,jmurnamefp@wikimedia.org,Polygender,242.15.101.134,
567,Frankie,chorlton,fchorltonfq@blogtalkradio.com,Female,121.147.83.123,
568,Knox,franklin,kfranklinfr@java.com,Polygender,52.90.132.152,
569,Kimmi,mcdugal,kmcdugalfs@sun.com,Genderfluid,25.110.36.234,
570,Atlante,halladey,ahalladeyft@qq.com,Agender,50.165.66.161,
571,Franchot,keating,fkeatingfu@technorati.com,Agender,104.75.195.222,
572,Baron,bountiff,bbountifffv@techcrunch.com,Non-binary,244.26.113.164,
573,Neddie,nicklin,nnicklinfw@irs.gov,Male,62.193.170.36,
574,Winne,ondrak,wondrakfx@paypal.com,Male,66.84.252.51,
575,Jaymie,cleobury,jcleoburyfy@unesco.org,Agender,191.49.71.31,
576,Katti,chaytor,kchaytorfz@fastcompany.com,Bigender,69.226.106.69,
577,Diane-marie,heenan,dheenang0@weebly.com,Polygender,72.84.224.218,
578,Son,banting,sbantingg1@google.nl,Non-binary,198.105.24.2,
579,Dominica,quernel,dquernelg2@huffingtonpost.com,Non-binary,210.103.249.82,
580,Rodi,durtnall,rdurtnallg3@ucsd.edu,Female,27.69.152.229,
581,Rodney,feige,rfeigeg4@buzzfeed.com,Genderfluid,212.232.130.67,
582,Armin,kearley,akearleyg5@creativecommons.org,Polygender,122.171.54.82,
583,Jarrod,brockhouse,jbrockhouseg6@irs.gov,Agender,144.48.161.188,
584,Gerome,sherbrooke,gsherbrookeg7@g.co,Polygender,145.26.185.117,
585,Roobbie,rauprich,rrauprichg8@blog.com,Female,46.243.233.15,
586,Cindee,harryman,charrymang9@quantcast.com,Agender,41.3.57.236,
587,Rodolfo,gulland,rgullandga@google.fr,Non-binary,21.62.99.58,
588,Pearce,duesbury,pduesburygb@vkontakte.ru,Polygender,193.34.44.206,
589,Faulkner,brugh,fbrughgc@intel.com,Male,135.130.239.102,
590,Dur,veldman,dveldmangd@ebay.co.uk,Female,116.39.41.81,
591,Erv,janeway,ejanewayge@ezinearticles.com,Female,214.109.190.189,
592,Patrice,chasemoore,pchasemooregf@mozilla.org,Genderfluid,103.148.144.71,
593,Carolyn,baldry,cbaldrygg@qq.com,Male,151.178.185.61,
594,Tuesday,redihalgh,tredihalghgh@mediafire.com,Female,190.77.23.96,
595,Shawnee,bucklee,sbuckleegi@boston.com,Bigender,87.41.205.41,
596,Evanne,rolland,erollandgj@youtube.com,Polygender,24.184.244.41,
597,Hall,milsted,hmilstedgk@diigo.com,Genderfluid,255.142.74.21,
598,Alis,sendley,asendleygl@ft.com,Polygender,155.72.96.248,
599,Cy,lowers,clowersgm@yellowbook.com,Female,103.255.37.61,
600,Ransell,seal,rsealgn@dot.gov,Polygender,85.55.80.55,
601,Merl,abbate,mabbatego@slideshare.net,Agender,206.56.143.63,
602,Sig,campbell-dunlop,scampbelldunlopgp@senate.gov,Genderfluid,218.166.142.38,
603,Marys,phizacklea,mphizackleagq@dailymail.co.uk,Female,15.149.193.48,
604,Ranee,defew,rdefewgr@blogtalkradio.com,Female,43.151.194.21,
605,Lamond,joynson,ljoynsongs@exblog.jp,Bigender,237.147.33.86,
606,Wynnie,eva,wevagt@naver.com,Non-binary,142.254.162.170,
607,Dyane,wolfendale,dwolfendalegu@nih.gov,Polygender,243.120.44.206,
608,Sybila,audsley,saudsleygv@unc.edu,Male,234.204.167.36,
609,Lucinda,mcvey,lmcveygw@dot.gov,Male,153.13.189.116,
610,Lillian,breinlein,lbreinleingx@acquirethisname.com,Bigender,209.87.204.94,
611,Dolph,pitcaithley,dpitcaithleygy@blogs.com,Male,77.172.70.35,
612,Wildon,garrison,wgarrisongz@hud.gov,Bigender,64.140.248.184,
613,Patsy,feldstern,pfeldsternh0@dailymail.co.uk,Genderqueer,181.113.68.201,
614,Rogerio,ducket,rducketh1@disqus.com,Polygender,55.62.28.125,
615,Lauritz,gauge,lgaugeh2@uol.com.br,Genderqueer,194.36.41.216,
616,Arabel,attawell,aattawellh3@google.co.uk,Agender,49.209.92.197,
617,Adorne,howles,ahowlesh4@gmpg.org,Male,146.10.206.179,
618,Monro,plane,mplaneh5@google.com.br,Bigender,126.111.83.149,
619,Lara,beavan,lbeavanh6@narod.ru,Genderfluid,29.225.113.125,
620,Billye,lamprey,blampreyh7@newyorker.com,Female,51.139.239.206,
621,Krystle,pobjay,kpobjayh8@google.co.uk,Polygender,130.178.235.134,
622,Sherry,ruane,sruaneh9@freewebs.com,Bigender,77.184.56.63,
623,Tiebold,greenough,tgreenoughha@cornell.edu,Female,227.217.121.126,
624,Alasteir,giordano,agiordanohb@addthis.com,Agender,25.30.35.47,
625,Erwin,hackforth,ehackforthhc@cmu.edu,Agender,234.182.203.147,
626,Francene,quick,fquickhd@google.nl,Female,67.109.4.75,
627,Rosmunda,birtley,rbirtleyhe@msn.com,Agender,159.204.172.135,
628,Cody,bedo,cbedohf@phpbb.com,Agender,23.18.57.201,
629,Selle,lille,slillehg@posterous.com,Male,21.83.173.3,
630,Dwight,fildes,dfildeshh@bluehost.com,Genderfluid,22.5.134.132,
631,Janaya,bartolomeu,jbartolomeuhi@netscape.com,Female,63.145.48.170,
632,Vite,danelut,vdaneluthj@blinklist.com,Genderqueer,201.92.167.94,
633,Briant,livesley,blivesleyhk@independent.co.uk,Male,56.25.143.126,
634,Gasparo,alchin,galchinhl@latimes.com,Agender,114.223.80.69,
635,Mara,vellacott,mvellacotthm@issuu.com,Agender,13.87.224.45,
636,Brenna,stebles,bstebleshn@cdc.gov,Genderqueer,98.36.199.145,
637,Ernesta,cressy,ecressyho@angelfire.com,Genderfluid,204.98.190.227,
638,Carena,devall,cdevallhp@webs.com,Polygender,172.107.5.195,
639,Basile,cheston,bchestonhq@skyrock.com,Genderqueer,176.176.162.99,
640,Ira,reston,irestonhr@youku.com,Agender,63.167.21.243,
641,Bevon,kordas,bkordashs@imageshack.us,Male,223.174.228.61,
642,Neel,pauler,npaulerht@homestead.com,Genderfluid,156.249.151.80,
643,Lilias,blackney,lblackneyhu@smugmug.com,Genderqueer,145.35.150.36,
644,Pascale,clemence,pclemencehv@webnode.com,Female,212.26.191.198,
645,Gino,lightbown,glightbownhw@icio.us,Genderqueer,22.61.147.154,
646,Roselia,mattheis,rmattheishx@yahoo.com,Genderfluid,162.235.170.122,
647,Timothy,verrico,tverricohy@360.cn,Genderfluid,38.39.198.240,
648,Jonis,poston,jpostonhz@theglobeandmail.com,Bigender,40.46.110.38,
649,Darren,von brook,dvonbrooki0@github.io,Bigender,205.97.196.141,
650,Johanna,herley,jherleyi1@squarespace.com,Bigender,185.181.101.24,
651,Gerek,hammatt,ghammatti2@berkeley.edu,Female,106.211.205.237,
652,Lesley,macconachy,lmacconachyi3@mit.edu,Agender,197.119.247.41,
653,Petronille,giacomazzo,pgiacomazzoi4@prweb.com,Male,51.101.32.118,
654,Roselia,devoy,rdevoyi5@youku.com,Non-binary,156.200.178.67,
655,Guillaume,biskupek,gbiskupeki6@cbslocal.com,Polygender,6.15.226.12,
656,Denise,muddiman,dmuddimani7@nationalgeographic.com,Genderfluid,195.72.14.61,
657,Giffy,clohessy,gclohessyi8@dmoz.org,Female,255.41.138.92,
658,Rana,eastmead,reastmeadi9@typepad.com,Female,84.190.127.155,
659,Raf,mohun,rmohunia@earthlink.net,Female,83.78.108.104,
660,Haily,minors,hminorsib@amazon.co.uk,Polygender,246.198.153.100,
661,Cam,kineton,ckinetonic@comcast.net,Bigender,14.75.120.146,
662,Sherie,haskur,shaskurid@furl.net,Non-binary,36.32.162.142,
663,Abel,minker,aminkerie@cargocollective.com,Genderqueer,226.113.211.20,
664,Erna,brandoni,ebrandoniif@reference.com,Female,159.30.173.123,
665,Karl,papachristophorou,kpapachristophorouig@friendfeed.com,Male,154.167.215.146,
666,Chrissie,worman,cwormanih@tinypic.com,Genderqueer,175.0.19.67,
667,Ruthanne,bergin,rberginii@drupal.org,Male,94.135.30.110,
668,Andras,orsman,aorsmanij@bloomberg.com,Non-binary,120.86.120.220,
669,Whitby,muirhead,wmuirheadik@ebay.com,Non-binary,139.124.94.252,
670,Star,stuttard,sstuttardil@reverbnation.com,Non-binary,241.252.242.65,
671,Hildagarde,haskew,hhaskewim@buzzfeed.com,Agender,116.208.203.32,
672,Hanna,vinnicombe,hvinnicombein@un.org,Non-binary,171.91.162.136,
673,Fredrika,test,ftestio@skype.com,Female,201.128.89.117,
674,Zacharie,gehrts,zgehrtsip@google.nl,Genderfluid,216.53.65.71,
675,Brnaba,eliassen,beliasseniq@vistaprint.com,Male,72.219.251.134,
676,Meggy,boecke,mboeckeir@spotify.com,Genderqueer,46.116.184.213,
677,Ardra,stock,astockis@lycos.com,Non-binary,165.24.40.172,
678,Teador,laimable,tlaimableit@homestead.com,Genderqueer,224.132.91.60,
679,Malorie,eede,meedeiu@behance.net,Polygender,243.233.108.81,
680,Genovera,pardey,gpardeyiv@admin.ch,Bigender,141.188.168.197,
681,Grenville,oakenford,goakenfordiw@upenn.edu,Male,6.220.72.87,
682,Tanney,shyres,tshyresix@linkedin.com,Non-binary,84.80.142.133,
683,Phoebe,mistry,pmistryiy@usa.gov,Bigender,207.144.147.125,
684,Bette,andrioli,bandrioliiz@cocolog-nifty.com,Agender,169.224.93.151,
685,Eddie,fleis,efleisj0@aol.com,Male,227.138.130.229,
686,Dot,coxen,dcoxenj1@google.nl,Non-binary,191.152.17.164,
687,Piggy,roobottom,proobottomj2@shutterfly.com,Male,194.59.182.202,
688,Sargent,kinnin,skinninj3@tiny.cc,Genderqueer,234.196.9.227,
689,Yetty,enocksson,yenockssonj4@myspace.com,Agender,135.221.83.160,
690,Elisha,wilbore,ewilborej5@cafepress.com,Male,133.72.32.217,
691,Nadia,rugge,nruggej6@infoseek.co.jp,Female,37.89.198.222,
692,Stern,fitzmaurice,sfitzmauricej7@yelp.com,Female,65.33.26.50,
693,Stanislas,androlli,sandrollij8@amazon.de,Agender,6.73.214.136,
694,Mikol,castletine,mcastletinej9@fc2.com,Genderfluid,240.16.185.89,
695,Wallis,bockmann,wbockmannja@tripod.com,Non-binary,85.82.240.54,
696,Stefanie,keets,skeetsjb@china.com.cn,Female,128.14.163.116,
697,Reuven,stowte,rstowtejc@hubpages.com,Non-binary,252.226.158.90,
698,Barbee,dunne,bdunnejd@mac.com,Male,143.10.136.191,
699,Fallon,woodroofe,fwoodroofeje@surveymonkey.com,Non-binary,243.250.70.216,
700,Belvia,stiggles,bstigglesjf@yolasite.com,Polygender,33.95.238.219,
701,Nannie,lafond,nlafondjg@istockphoto.com,Non-binary,252.116.225.206,
702,Burnaby,begg,bbeggjh@foxnews.com,Genderfluid,185.218.228.82,
703,Deina,hearnden,dhearndenji@google.com,Genderfluid,214.197.222.247,
704,Lizzie,blyde,lblydejj@last.fm,Polygender,156.38.171.9,
705,Juieta,zimek,jzimekjk@archive.org,Polygender,249.137.255.102,
706,Stanwood,hodges,shodgesjl@istockphoto.com,Non-binary,134.113.54.159,
707,Paten,mclaverty,pmclavertyjm@opera.com,Polygender,31.30.233.8,
708,Elwyn,raggatt,eraggattjn@adobe.com,Genderfluid,126.76.23.31,
709,Renata,borrows,rborrowsjo@cbslocal.com,Agender,209.17.187.222,
710,Maryjo,st leger,mstlegerjp@tinyurl.com,Polygender,154.46.89.122,
711,Cecily,cogdell,ccogdelljq@webs.com,Male,155.19.159.28,
712,Milka,juleff,mjuleffjr@people.com.cn,Genderfluid,202.124.127.81,
713,Petey,stanfield,pstanfieldjs@jigsy.com,Male,148.45.92.118,
714,Renate,sykes,rsykesjt@home.pl,Genderfluid,255.93.78.40,
715,Jacklyn,blackburne,jblackburneju@vimeo.com,Genderfluid,196.203.105.23,
716,Lacie,itzcovichch,litzcovichchjv@sohu.com,Bigender,16.165.147.30,
717,Diannne,gildersleaves,dgildersleavesjw@blinklist.com,Bigender,81.157.137.84,
718,Burg,beat,bbeatjx@yahoo.co.jp,Non-binary,250.241.143.198,
719,Denny,cannavan,dcannavanjy@prnewswire.com,Female,31.78.66.206,
720,Fawnia,ottewell,fottewelljz@un.org,Male,36.131.90.25,
721,Ethan,foyston,efoystonk0@blogtalkradio.com,Non-binary,69.211.208.153,
722,Keary,llewellen,kllewellenk1@bigcartel.com,Female,125.41.17.31,
723,Rodney,camplin,rcamplink2@surveymonkey.com,Female,98.182.62.188,
724,Glynis,kermode,gkermodek3@whitehouse.gov,Non-binary,63.94.75.188,
725,Selia,huish,shuishk4@dedecms.com,Polygender,47.184.10.218,
726,Dyana,fardoe,dfardoek5@webnode.com,Polygender,116.238.210.154,
727,Loella,adamson,ladamsonk6@webnode.com,Female,241.183.77.100,
728,Cos,malsher,cmalsherk7@usa.gov,Polygender,14.7.16.46,
729,Howey,rosenkranc,hrosenkranck8@admin.ch,Polygender,66.98.88.91,
730,Cynthie,fry,cfryk9@sphinn.com,Agender,16.35.136.151,
731,Paddy,poyzer,ppoyzerka@symantec.com,Genderfluid,212.144.31.118,
732,Gunar,o'tuohy,gotuohykb@npr.org,Bigender,48.160.122.198,
733,Georgeta,stanyan,gstanyankc@webeden.co.uk,Polygender,1.153.191.138,
734,Darby,pierrepoint,dpierrepointkd@dedecms.com,Polygender,94.73.252.188,
735,Jessee,tarquinio,jtarquinioke@over-blog.com,Genderfluid,34.53.107.24,
736,Wilhelm,loakes,wloakeskf@unicef.org,Agender,8.139.242.195,
737,Jean,este,jestekg@fastcompany.com,Genderfluid,246.251.189.159,
738,Alisun,oldred,aoldredkh@engadget.com,Polygender,53.46.128.102,
739,Delilah,rabley,drableyki@mlb.com,Genderqueer,250.114.240.15,
740,Brigit,poundsford,bpoundsfordkj@japanpost.jp,Bigender,247.37.237.208,
741,Krispin,itzkovitch,kitzkovitchkk@cornell.edu,Genderfluid,138.44.198.67,
742,Vania,pelcheur,vpelcheurkl@alibaba.com,Female,8.243.224.45,
743,Xavier,bentham3,xbenthamkm@alexa.com,Non-binary,105.203.252.177,
744,Staford,pelham,spelhamkn@blogs.com,Agender,194.60.103.92,
745,Case,barta,cbartako@tripod.com,Male,55.94.143.175,
746,Alexei,feasey,afeaseykp@independent.co.uk,Polygender,90.170.194.214,
747,Fallon,jaffray,fjaffraykq@wordpress.com,Non-binary,126.87.8.169,
748,Zollie,hendrikse,zhendriksekr@imdb.com,Polygender,13.96.210.242,
749,Price,goodoune,pgoodouneks@wordpress.org,Male,23.92.119.166,
750,Nikoletta,legion,nlegionkt@sitemeter.com,Female,199.94.67.167,
751,Julie,joris,jjorisku@domainmarket.com,Non-binary,177.143.151.134,
752,Shoshana,dowell,sdowellkv@msu.edu,Genderfluid,24.169.11.35,
753,Neda,top,ntopkw@dmoz.org,Genderfluid,117.201.25.28,
754,Hildagarde,tooting,htootingkx@weibo.com,Non-binary,91.229.227.152,
755,Brendan,ackrill,backrillky@qq.com,Polygender,51.86.19.72,
756,Jareb,burris,jburriskz@woothemes.com,Genderfluid,132.122.90.223,
757,Benoit,ivankin,bivankinl0@reuters.com,Polygender,11.42.20.41,
758,Elvera,jodkowski,ejodkowskil1@unesco.org,Genderqueer,93.193.213.194,
759,Jonathon,fominov,jfominovl2@pagesperso-orange.fr,Female,246.162.89.116,
760,Audre,vasyukov,avasyukovl3@webnode.com,Polygender,39.207.10.197,
761,Delila,girardengo,dgirardengol4@parallels.com,Genderqueer,39.245.30.54,
762,Vania,sherrin,vsherrinl5@last.fm,Genderfluid,67.228.27.155,
763,Kaila,tallow,ktallowl6@tiny.cc,Bigender,138.121.246.241,
764,Ade,gorman,agormanl7@deliciousdays.com,Agender,229.170.199.224,
765,Nina,vernazza,nvernazzal8@mapquest.com,Bigender,128.99.47.166,
766,Ashley,kearley,akearleyl9@geocities.com,Genderfluid,215.90.14.190,
767,Evelin,cuer,ecuerla@buzzfeed.com,Genderqueer,229.153.67.243,
768,Meier,mudle,mmudlelb@icio.us,Non-binary,41.38.240.132,
769,Ronalda,heffernan,rheffernanlc@slate.com,Female,224.127.245.171,
770,Noni,cashford,ncashfordld@livejournal.com,Polygender,133.224.203.49,
771,Ronnie,tolputt,rtolputtle@pagesperso-orange.fr,Agender,139.169.100.235,
772,Emyle,lucian,elucianlf@bing.com,Male,232.155.146.147,
773,Nanon,rivel,nrivellg@flavors.me,Male,37.24.188.135,
774,Catherina,crips,ccripslh@drupal.org,Non-binary,139.133.211.88,
775,Christal,linzey,clinzeyli@storify.com,Female,104.234.154.233,
776,Corey,mawson,cmawsonlj@bluehost.com,Non-binary,227.69.160.87,
777,Kitti,macgorman,kmacgormanlk@ca.gov,Non-binary,103.125.119.26,
778,Mendie,rechert,mrechertll@wikimedia.org,Male,73.183.215.140,
779,Sebastien,prandini,sprandinilm@amazonaws.com,Polygender,253.108.84.91,
780,Dwain,sheers,dsheersln@w3.org,Bigender,182.232.119.157,
781,Cosme,wilcockes,cwilcockeslo@naver.com,Polygender,108.113.47.41,
782,Whitby,clemett,wclemettlp@elegantthemes.com,Male,164.27.220.14,
783,Cathee,crepin,ccrepinlq@squarespace.com,Bigender,84.223.135.152,
784,Blanca,habbijam,bhabbijamlr@xing.com,Genderqueer,246.76.253.103,
785,Augusto,dautry,adautryls@paypal.com,Agender,171.154.208.161,
786,Brandy,limb,blimblt@ucoz.com,Genderfluid,24.64.195.30,
787,Christin,stoile,cstoilelu@cyberchimps.com,Non-binary,219.182.55.198,
788,Trstram,panswick,tpanswicklv@live.com,Male,209.108.83.61,
789,Chelsea,macquaker,cmacquakerlw@hp.com,Non-binary,255.56.253.171,
790,Cherri,attewell,cattewelllx@mashable.com,Female,141.86.179.26,
791,Alix,brounsell,abrounsellly@mapy.cz,Genderqueer,43.8.52.131,
792,Papageno,yannoni,pyannonilz@unblog.fr,Bigender,0.202.180.174,
793,Tomkin,feldberg,tfeldbergm0@columbia.edu,Polygender,253.164.144.132,
794,Abagael,gallatly,agallatlym1@ucoz.ru,Genderqueer,46.177.157.237,
795,Rusty,maevela,rmaevelam2@goodreads.com,Polygender,70.247.102.173,
796,Wylma,lavis,wlavism3@cbc.ca,Genderqueer,134.137.65.138,
797,Wain,mcgow,wmcgowm4@craigslist.org,Non-binary,16.67.150.172,
798,Valentine,rogier,vrogierm5@hexun.com,Female,95.82.60.179,
799,Farley,nehls,fnehlsm6@hexun.com,Agender,206.132.187.182,
800,Andy,bosden,abosdenm7@comsenz.com,Female,245.0.181.12,
801,Tedra,hallowes,thallowesm8@guardian.co.uk,Female,38.229.242.123,
802,Sean,godlee,sgodleem9@thetimes.co.uk,Agender,21.113.200.91,
803,Diego,magister,dmagisterma@bluehost.com,Bigender,188.113.133.89,
804,Joeann,franzelini,jfranzelinimb@lulu.com,Genderfluid,242.132.116.247,
805,Jeth,mugglestone,jmugglestonemc@bravesites.com,Bigender,155.245.7.161,
806,Yalonda,jewiss,yjewissmd@sohu.com,Non-binary,218.157.251.16,
807,Ashlen,giacobilio,agiacobiliome@spiegel.de,Genderqueer,66.1.55.155,
808,Ibbie,rosedale,irosedalemf@wikimedia.org,Agender,253.67.241.32,
809,Raf,arens,rarensmg@noaa.gov,Agender,194.2.255.150,
810,Tam,greatland,tgreatlandmh@archive.org,Non-binary,92.30.243.158,
811,Beltran,proffer,bproffermi@mashable.com,Agender,208.80.130.98,
812,Stacy,addionisio,saddionisiomj@cbc.ca,Male,194.218.2.113,
813,Joseito,colam,jcolammk@latimes.com,Non-binary,135.117.160.180,
814,Cristina,macelroy,cmacelroyml@flickr.com,Polygender,215.29.78.168,
815,Rosamund,hazelgrove,rhazelgrovemm@pbs.org,Bigender,255.140.84.131,
816,Evelyn,bortolini,ebortolinimn@netscape.com,Genderqueer,244.228.156.247,
817,Lira,tarbatt,ltarbattmo@acquirethisname.com,Polygender,120.129.140.190,
818,Davina,morston,dmorstonmp@qq.com,Agender,145.242.221.229,
819,Della,heel,dheelmq@newsvine.com,Agender,169.22.226.118,
820,Elinor,brunetti,ebrunettimr@typepad.com,Genderqueer,22.241.1.32,
821,Mord,tilliards,mtilliardsms@drupal.org,Polygender,171.16.190.149,
822,Kettie,eisold,keisoldmt@europa.eu,Polygender,92.225.73.49,
823,Noella,jozefowicz,njozefowiczmu@google.ca,Polygender,193.150.120.104,
824,Jdavie,hubbis,jhubbismv@photobucket.com,Female,47.20.61.234,
825,Nicolina,breed,nbreedmw@dmoz.org,Male,121.46.111.203,
826,Ulberto,keyden,ukeydenmx@digg.com,Agender,143.27.25.118,
827,Jody,schubert,jschubertmy@163.com,Female,205.41.161.123,
828,Rock,rothery,rrotherymz@themeforest.net,Genderqueer,38.112.85.231,
829,Kath,schultheiss,kschultheissn0@si.edu,Agender,141.141.51.185,
830,Artemus,macmakin,amacmakinn1@walmart.com,Polygender,233.58.236.67,
831,Bill,sail,bsailn2@kickstarter.com,Agender,219.34.254.222,
832,Eveleen,francescuccio,efrancescuccion3@facebook.com,Genderfluid,208.150.129.236,
833,Grove,edmed,gedmedn4@gravatar.com,Bigender,37.114.138.34,
834,Cassandra,longthorn,clongthornn5@youku.com,Male,65.60.236.11,
835,Virgina,kolak,vkolakn6@dyndns.org,Agender,228.104.211.221,
836,Binni,lebond,blebondn7@meetup.com,Male,238.135.195.199,
837,Albertine,warder,awardern8@goo.ne.jp,Non-binary,138.218.104.179,
838,Lottie,twede,ltweden9@prlog.org,Polygender,5.218.112.210,
839,Elga,pelham,epelhamna@i2i.jp,Female,234.210.220.153,
840,Fredra,leggis,fleggisnb@ed.gov,Non-binary,223.188.241.2,
841,Sibylle,pahl,spahlnc@dell.com,Agender,94.193.120.250,
842,Gawen,chazette,gchazettend@friendfeed.com,Non-binary,240.40.75.189,
843,Rudolf,medley,rmedleyne@ow.ly,Genderqueer,231.74.51.34,
844,Eberhard,bette,ebettenf@shareasale.com,Bigender,106.43.128.135,
845,Emlyn,lewendon,elewendonng@adobe.com,Genderqueer,59.191.108.255,
846,Tarrance,beddingham,tbeddinghamnh@huffingtonpost.com,Male,170.78.202.21,
847,Alie,goodby,agoodbyni@sbwire.com,Agender,235.73.208.213,
848,Cyrille,shilito,cshilitonj@rakuten.co.jp,Bigender,228.92.233.6,
849,Nolana,frissell,nfrissellnk@apple.com,Male,84.106.143.183,
850,Phoebe,beccera,pbecceranl@exblog.jp,Polygender,92.106.56.202,
851,Archaimbaud,langmead,alangmeadnm@usda.gov,Genderfluid,148.145.101.23,
852,Ede,aslet,easletnn@hc360.com,Agender,246.238.198.79,
853,Miles,govier,mgovierno@gravatar.com,Non-binary,151.173.246.58,
854,Keefer,doubrava,kdoubravanp@freewebs.com,Female,162.57.145.221,
855,Maia,remon,mremonnq@meetup.com,Male,247.245.217.73,
856,Nickolai,waywell,nwaywellnr@ebay.co.uk,Female,39.116.99.46,
857,Karilynn,boothebie,kboothebiens@army.mil,Polygender,143.127.109.145,
858,Dunn,element,delementnt@bloglovin.com,Non-binary,14.251.218.205,
859,Edlin,mickan,emickannu@theguardian.com,Bigender,145.220.171.225,
860,Ingeborg,winram,iwinramnv@nsw.gov.au,Agender,38.232.237.43,
861,Marguerite,addess,maddessnw@ihg.com,Male,215.50.183.10,
862,Jenna,antoniou,jantoniounx@shareasale.com,Agender,118.72.159.137,
863,Carlie,mcgilleghole,cmcgillegholeny@sphinn.com,Bigender,166.143.203.94,
864,Morton,fones,mfonesnz@fema.gov,Bigender,225.61.49.38,
865,Daniele,syphas,dsyphaso0@yahoo.co.jp,Bigender,220.67.28.130,
866,Heath,eskell,heskello1@eventbrite.com,Agender,31.112.9.13,
867,Randolf,pimme,rpimmeo2@parallels.com,Agender,80.108.128.169,
868,Dill,fydo,dfydoo3@wunderground.com,Non-binary,195.145.182.226,
869,Jan,seilmann,jseilmanno4@washington.edu,Agender,96.218.79.132,
870,Henrieta,ionnidis,hionnidiso5@yellowbook.com,Agender,173.101.219.245,
871,Beth,iglesia,biglesiao6@marriott.com,Agender,141.33.198.143,
872,Norrie,toolan,ntoolano7@ifeng.com,Bigender,137.48.61.100,
873,Bari,klainman,bklainmano8@homestead.com,Male,29.213.162.148,
874,Anastassia,saywell,asaywello9@infoseek.co.jp,Polygender,53.53.235.217,
875,Vern,kennicott,vkennicottoa@pcworld.com,Non-binary,42.60.68.61,
876,Lorelle,macro,lmacroob@barnesandnoble.com,Genderfluid,112.223.60.49,
877,Upton,borleace,uborleaceoc@ask.com,Genderqueer,102.160.9.124,
878,Bearnard,dinjes,bdinjesod@example.com,Agender,89.92.98.195,
879,Marta,maccosty,mmaccostyoe@nyu.edu,Male,58.24.59.226,
880,Rennie,breach,rbreachof@shinystat.com,Polygender,7.157.145.106,
881,Mindy,daen,mdaenog@wordpress.org,Non-binary,168.113.221.97,
882,Gussie,ramelot,gramelotoh@salon.com,Genderfluid,138.247.117.19,
883,Michael,tulloch,mtullochoi@rambler.ru,Agender,161.153.25.177,
884,Renaud,costerd,rcosterdoj@example.com,Non-binary,20.214.65.92,
885,Tuckie,hordle,thordleok@digg.com,Female,236.204.28.111,
886,Zebulen,carrick,zcarrickol@wired.com,Bigender,34.147.169.230,
887,Leah,gronw,lgronwom@marriott.com,Genderfluid,25.33.124.113,
888,Brodie,beddie,bbeddieon@nymag.com,Bigender,129.203.71.45,
889,Augie,smylie,asmylieoo@sakura.ne.jp,Non-binary,8.116.224.90,
890,Lorri,giacomuzzi,lgiacomuzziop@noaa.gov,Female,226.96.55.27,
891,Daniela,serman,dsermanoq@upenn.edu,Non-binary,79.124.54.35,
892,Alvinia,powelee,apoweleeor@globo.com,Genderfluid,33.44.37.175,
893,Sly,dollimore,sdollimoreos@cafepress.com,Non-binary,54.233.193.184,
894,Ross,streak,rstreakot@histats.com,Polygender,237.33.50.170,
895,Mercedes,greenacre,mgreenacreou@artisteer.com,Non-binary,79.132.130.135,
896,Richmound,downage,rdownageov@microsoft.com,Polygender,208.180.34.120,
897,Lelah,schiefersten,lschieferstenow@ebay.co.uk,Female,206.166.229.191,
898,Brigitta,mathew,bmathewox@latimes.com,Bigender,226.10.65.210,
899,Leon,vannini,lvanninioy@cbsnews.com,Genderqueer,160.155.220.60,
900,Merrilee,verchambre,mverchambreoz@prlog.org,Genderfluid,220.142.4.38,
901,Rosmunda,stollard,rstollardp0@state.gov,Genderqueer,171.221.89.191,
902,Kean,frankish,kfrankishp1@whitehouse.gov,Non-binary,132.46.214.201,
903,Lorrayne,pamphilon,lpamphilonp2@free.fr,Genderqueer,42.198.217.220,
904,Pepi,matthensen,pmatthensenp3@artisteer.com,Agender,203.104.94.63,
905,Cynthea,inkpen,cinkpenp4@eventbrite.com,Polygender,32.153.21.123,
906,Sasha,rowlstone,srowlstonep5@flickr.com,Polygender,249.67.202.85,
907,Merwyn,cogar,mcogarp6@google.co.uk,Female,208.209.182.125,
908,Maje,cord,mcordp7@usgs.gov,Genderfluid,248.116.227.108,
909,Anne,sawrey,asawreyp8@newyorker.com,Agender,160.32.135.113,
910,Seth,kegley,skegleyp9@hud.gov,Female,18.196.178.107,
911,Yevette,eagers,yeagerspa@google.ca,Bigender,167.46.223.33,
912,Brittne,bellhouse,bbellhousepb@tripod.com,Female,103.160.130.203,
913,Elias,copson,ecopsonpc@ifeng.com,Bigender,43.220.217.225,
914,Lucine,hartill,lhartillpd@ucoz.ru,Genderqueer,157.198.136.52,
915,Catlee,headingham,cheadinghampe@hc360.com,Polygender,54.125.245.49,
916,Amara,palfreeman,apalfreemanpf@desdev.cn,Non-binary,217.3.34.192,
917,Rosana,lorimer,rlorimerpg@tripadvisor.com,Male,96.31.212.116,
918,Derrek,horlick,dhorlickph@mail.ru,Agender,225.20.14.128,
919,Merilee,temprell,mtemprellpi@tripod.com,Non-binary,241.148.47.184,
920,Tina,matuszak,tmatuszakpj@posterous.com,Genderqueer,32.168.95.36,
921,Kipper,ortler,kortlerpk@answers.com,Non-binary,108.227.201.122,
922,Christiane,ducham,cduchampl@cmu.edu,Female,219.32.234.216,
923,Roy,foulis,rfoulispm@narod.ru,Genderfluid,152.202.54.33,
924,Tuck,andrioli,tandriolipn@tiny.cc,Bigender,223.222.83.46,
925,Halsy,morrill,hmorrillpo@slashdot.org,Genderqueer,131.157.171.201,
926,Adolphus,huxley,ahuxleypp@blog.com,Male,5.17.247.246,
927,Yasmin,mccerery,ymccererypq@google.de,Genderfluid,53.76.34.22,
928,Dallas,jowett,djowettpr@economist.com,Genderfluid,172.109.125.201,
929,Garv,goady,ggoadyps@flickr.com,Female,12.230.100.54,
930,Ulises,de bruijne,udebruijnept@tripod.com,Female,209.93.150.131,
931,Giorgia,mochan,gmochanpu@printfriendly.com,Polygender,29.109.210.63,
932,Chadwick,hurich,churichpv@exblog.jp,Bigender,46.123.155.217,
933,Fanny,gaskall,fgaskallpw@usatoday.com,Genderfluid,24.48.47.131,
934,Olive,o'hagirtie,oohagirtiepx@php.net,Female,86.116.112.72,
935,Esra,potapczuk,epotapczukpy@skype.com,Male,82.74.36.244,
936,Eloisa,pervoe,epervoepz@adobe.com,Bigender,161.64.217.158,
937,Emalee,rouzet,erouzetq0@histats.com,Genderfluid,87.123.68.164,
938,Zechariah,pindell,zpindellq1@spotify.com,Female,120.170.50.103,
939,Wilmar,axelbee,waxelbeeq2@bizjournals.com,Agender,194.71.93.12,
940,Sonnnie,liptrod,sliptrodq3@flickr.com,Genderqueer,34.230.215.174,
941,Brigitta,saladino,bsaladinoq4@ucsd.edu,Bigender,244.44.240.43,
942,Arden,suthren,asuthrenq5@elpais.com,Female,181.235.206.206,
943,Pru,shasnan,pshasnanq6@accuweather.com,Bigender,115.116.235.50,
944,Dulciana,sedgwick,dsedgwickq7@army.mil,Non-binary,73.188.167.150,
945,Uriel,thalmann,uthalmannq8@army.mil,Female,85.28.210.178,
946,Goraud,lathan,glathanq9@abc.net.au,Genderfluid,185.11.9.78,
947,Kerby,ledner,klednerqa@usatoday.com,Polygender,224.81.156.164,
948,Sonny,van haeften,svanhaeftenqb@gravatar.com,Male,93.197.84.7,
949,Bevin,willerson,bwillersonqc@statcounter.com,Female,106.188.76.253,
950,Karil,perigeaux,kperigeauxqd@smugmug.com,Genderqueer,19.159.49.63,
951,Kerry,ivanets,kivanetsqe@unc.edu,Bigender,128.205.243.104,
952,Franciska,labrow,flabrowqf@scientificamerican.com,Polygender,217.172.181.73,
953,Alexandrina,ygo,aygoqg@cnet.com,Bigender,61.144.66.116,
954,Poul,rivlin,privlinqh@narod.ru,Polygender,126.152.165.14,
955,Geraldine,atkyns,gatkynsqi@japanpost.jp,Genderfluid,235.120.204.201,
956,Britteny,laver,blaverqj@csmonitor.com,Non-binary,167.248.144.238,
957,Suzanna,amdohr,samdohrqk@123-reg.co.uk,Polygender,58.56.131.119,
958,Katalin,radleigh,kradleighql@umich.edu,Polygender,87.7.63.161,
959,Sly,garvie,sgarvieqm@friendfeed.com,Genderqueer,73.40.34.174,
960,Troy,simka,tsimkaqn@mashable.com,Agender,147.142.9.53,
961,Erek,janak,ejanakqo@google.it,Bigender,186.102.118.176,
962,Em,balcombe,ebalcombeqp@cbc.ca,Female,50.180.89.78,
963,Virginie,labin,vlabinqq@comcast.net,Genderqueer,19.167.72.44,
964,Esmeralda,gatch,egatchqr@feedburner.com,Female,205.110.99.82,
965,Everard,shoutt,eshouttqs@mit.edu,Agender,178.131.172.25,
966,Karyn,coslett,kcoslettqt@free.fr,Genderfluid,211.112.207.115,
967,Jemmie,juste,jjustequ@goo.gl,Genderfluid,93.108.120.45,
968,Madeline,goodsall,mgoodsallqv@google.com,Male,101.14.144.117,
969,Delores,ander,danderqw@sciencedaily.com,Genderqueer,67.148.136.248,
970,Othilie,hotchkin,ohotchkinqx@tmall.com,Agender,106.210.61.232,
971,Clarice,warhurst,cwarhurstqy@bbc.co.uk,Genderqueer,97.239.221.192,
972,Halie,remirez,hremirezqz@msn.com,Agender,146.90.253.224,
973,Jacky,georgins,jgeorginsr0@woothemes.com,Agender,156.248.223.50,
974,Milka,seally,mseallyr1@creativecommons.org,Female,34.40.150.223,
975,Charita,ivery,civeryr2@theguardian.com,Male,233.186.196.83,
976,Augustina,bradberry,abradberryr3@ask.com,Male,244.30.46.172,
977,Vernice,cratere,vcraterer4@japanpost.jp,Polygender,226.99.80.1,
978,Barth,gunthorpe,bgunthorper5@thetimes.co.uk,Polygender,173.159.64.60,
979,Allistir,rathbourne,arathbourner6@storify.com,Male,128.138.124.82,
980,Matthew,vyvyan,mvyvyanr7@over-blog.com,Non-binary,170.184.176.65,
981,Elisabeth,cawker,ecawkerr8@tamu.edu,Female,121.140.140.163,
982,Desdemona,hanrahan,dhanrahanr9@forbes.com,Bigender,221.27.132.167,
983,Blondie,grumbridge,bgrumbridgera@java.com,Genderqueer,119.165.100.229,
984,Heriberto,zollner,hzollnerrb@a8.net,Bigender,248.204.249.43,
985,Angie,coull,acoullrc@google.it,Bigender,247.148.194.9,
986,Jess,pelzer,jpelzerrd@issuu.com,Male,233.215.227.138,
987,Neall,berthon,nberthonre@oaic.gov.au,Polygender,202.126.193.228,
988,Hanni,sproul,hsproulrf@japanpost.jp,Polygender,87.21.58.72,
989,Torrey,andryushin,tandryushinrg@yellowpages.com,Non-binary,188.71.196.105,
990,Fredi,kindon,fkindonrh@economist.com,Genderfluid,107.104.94.188,
991,Simonette,lanphere,slanphereri@cbsnews.com,Non-binary,93.121.11.233,
992,Stefano,goslin,sgoslinrj@mapy.cz,Polygender,230.37.68.186,
993,Maressa,henken,mhenkenrk@mayoclinic.com,Genderfluid,1.206.235.15,
994,Elsie,leirmonth,eleirmonthrl@nps.gov,Bigender,251.146.226.52,
995,Nolie,pressland,npresslandrm@cdbaby.com,Male,254.12.50.141,
996,Radcliffe,battill,rbattillrn@phoca.cz,Non-binary,166.82.249.166,
997,Ephrem,todari,etodariro@paginegialle.it,Male,187.255.44.20,
998,Benita,skyner,bskynerrp@cnet.com,Female,212.251.241.177,
999,Sheelagh,anselmi,sanselmirq@yale.edu,Agender,182.17.111.21,
1000,Jermayne,trawin,jtrawinrr@comsenz.com,Bigender,2.17.44.182,
